C_ID,prob
167939,0.01
168286,0.00
168325,0.11
168408,0.00
169212,0.04
169217,0.11
169277,0.16
169363,0.16
169405,0.03
169496,0.03
169544,0.02
169808,0.00
170583,0.00
170853,0.07
170995,0.07
171048,0.00
171076,0.00
171276,0.06
171475,0.01
171615,0.07
171656,0.06
171793,0.02
171811,0.03
172023,0.07
172366,0.00
172438,0.12
172531,0.04
172552,0.01
172645,0.00
173157,0.02
173715,0.01
173801,0.02
173880,0.01
173985,0.05
174193,0.25
174498,0.03
174676,0.00
174814,0.00
174861,0.00
174979,0.30
175028,0.00
175381,0.00
175408,0.08
176102,0.23
176324,0.00
176341,0.01
176452,0.52
176552,0.00
176553,0.14
176564,0.15
176602,0.02
176731,0.00
176793,0.67
176911,0.25
177087,0.04
177364,0.04
177486,0.07
177650,0.00
177698,0.00
177757,0.17
178114,0.04
178198,0.00
178286,0.00
178374,0.00
178541,0.00
178742,0.13
178744,0.00
178944,0.00
179250,0.00
179494,0.00
179560,0.06
179665,0.00
180050,0.11
180155,0.02
180344,0.00
180756,0.02
180840,0.09
180851,0.01
181017,0.01
181387,0.14
181822,0.00
181834,0.02
181981,0.00
182008,0.01
182371,0.02
182401,0.00
182891,0.03
183292,0.04
183981,0.09
183996,0.06
183998,0.00
184311,0.00
184374,0.00
184431,0.09
184441,0.00
184769,0.11
184966,0.39
185132,0.01
185238,0.00
185288,0.06
186028,0.04
186094,0.00
186348,0.22
186353,0.00
186488,0.00
186735,0.00
187106,0.02
187233,0.06
187254,0.08
187512,0.01
187532,0.02
187598,0.00
187717,0.06
187883,0.00
187937,0.01
188033,0.00
188052,0.14
188393,0.00
188673,0.09
188764,0.01
189272,0.19
189644,0.00
189650,0.00
189904,0.01
190155,0.14
190264,0.00
190309,0.00
190313,0.00
190444,0.01
190799,0.03
190955,0.01
190964,0.32
191110,0.00
191322,0.02
191347,0.00
191539,0.00
191617,0.01
191823,0.07
192060,0.04
192259,0.08
192515,0.00
192531,0.31
192676,0.14
193129,0.03
193417,0.50
193461,0.01
193916,0.00
193960,0.00
194538,0.03
194666,0.03
194694,0.11
194819,0.00
194864,0.00
194917,0.01
194960,0.11
195187,0.06
195290,0.01
195322,0.01
195700,0.00
195751,0.07
195979,0.23
196044,0.00
196682,0.01
196839,0.00
196851,0.01
197267,0.00
197394,0.02
197689,0.06
197816,0.01
197929,0.00
197941,0.00
197988,0.02
198106,0.01
198436,0.00
198463,0.01
198521,0.04
199153,0.00
199395,0.00
199586,0.96
199645,0.14
199939,0.00
199976,0.00
200079,0.03
200307,0.04
200591,0.00
200708,0.00
200814,0.20
200940,0.01
200952,0.25
201090,0.10
201447,0.00
201657,0.15
201831,0.01
201896,0.16
201977,0.00
202208,0.27
202438,0.00
202951,0.02
203027,0.00
203029,0.01
203058,0.00
203137,0.00
203455,0.16
203467,0.00
203485,0.13
203623,0.01
203633,0.01
203719,0.00
203799,0.00
204095,0.00
204451,0.05
204600,0.00
204627,0.01
204870,0.03
204928,0.03
205014,0.00
205277,0.03
205307,0.00
205391,0.05
205713,0.00
205724,0.01
206034,0.06
206331,0.01
206369,0.20
206372,0.11
206454,0.01
206593,0.00
206810,0.02
206897,0.01
206900,0.22
207162,0.01
207466,0.47
207482,0.01
207698,0.01
207980,0.01
208019,0.00
208027,0.00
208176,0.34
208401,0.00
208566,0.00
208934,0.10
208944,0.02
209045,0.03
209280,0.00
209285,0.00
209675,0.01
209804,0.02
209882,0.17
209940,0.03
209997,0.01
210027,0.02
210147,0.15
210151,0.06
210311,0.03
210513,0.00
210516,0.02
210537,0.01
210992,0.00
211162,0.00
211397,0.00
211404,0.00
211528,0.19
211651,0.02
212004,0.00
212504,0.16
212633,0.05
212809,0.09
212944,0.03
213344,0.02
213717,0.05
213783,0.10
213858,0.37
213882,0.52
214358,0.00
214501,0.12
214629,0.07
214779,0.06
214790,0.00
214933,0.00
215893,0.06
216326,0.02
216589,0.01
216911,0.01
217012,0.00
217362,0.11
217381,0.01
217405,0.01
217503,0.02
217706,0.00
217745,0.05
217998,0.02
218190,0.01
218369,0.00
218666,0.01
218708,0.23
218748,0.20
218804,0.00
219016,0.00
219253,0.11
219403,0.08
219615,0.00
219630,0.07
219662,0.02
219830,0.14
219842,0.06
220259,0.35
220636,0.02
220757,0.01
220827,0.28
220915,0.09
220998,0.10
221082,0.02
221107,0.06
221277,0.01
221322,0.00
221657,0.01
221666,0.06
221736,0.01
221767,0.00
222069,0.02
222449,0.00
223011,0.02
223034,0.47
223057,0.03
223071,0.03
223178,0.28
223213,0.10
223272,0.01
223542,0.04
223569,0.00
223600,0.02
224150,0.17
224188,0.02
224194,0.09
224369,0.03
224695,0.00
224854,0.06
224890,0.00
224949,0.00
224969,0.01
225103,0.00
225204,0.00
225207,0.02
225507,0.01
225535,0.00
225703,0.21
225712,0.02
225766,0.06
225929,0.00
226174,0.00
226355,0.01
226473,0.01
226712,0.00
226803,0.15
226981,0.24
227652,0.00
227670,0.00
227749,0.00
227856,0.02
227902,0.02
227987,0.08
228245,0.00
228275,0.02
228474,0.18
228491,0.08
229350,0.01
229549,0.04
229661,0.00
230000,0.00
230042,0.22
230330,0.00
230536,0.00
230550,0.06
230558,0.01
230662,0.16
230817,0.00
230980,0.00
231134,0.01
231296,0.01
231345,0.06
231381,0.00
231857,0.09
232033,0.00
232262,0.01
232336,0.00
232582,0.01
232591,0.01
232752,0.05
232778,0.00
233074,0.00
233402,0.00
233611,0.00
233631,0.00
233749,0.17
233987,0.00
234214,0.00
234224,0.00
234747,0.01
235048,0.05
235336,0.00
235706,0.08
235823,0.01
236138,0.01
236142,0.00
236226,0.00
236420,0.12
236792,0.00
237097,0.00
237205,0.01
237720,0.15
237839,0.00
237868,0.27
238036,0.28
238077,0.03
238190,0.01
238392,0.01
238445,0.02
238508,0.10
238569,0.03
238596,0.00
239036,0.01
239093,0.27
239473,0.00
239654,0.00
239886,0.07
239949,0.01
239995,0.02
240048,0.51
240371,0.01
240446,0.07
240659,0.06
240842,0.04
240918,0.01
240951,0.01
241212,0.01
241484,0.17
241567,0.00
241704,0.08
242010,0.05
242208,0.00
242364,0.01
242751,0.04
242970,0.03
243035,0.01
243365,0.04
243484,0.01
243548,0.21
243648,0.00
243964,0.00
244003,0.04
244073,0.04
244202,0.00
244602,0.00
244697,0.00
244763,0.23
244892,0.19
245280,0.03
245707,0.01
245818,0.02
246107,0.00
246530,0.04
246692,0.02
247196,0.00
247206,0.01
247361,0.00
247526,0.02
247785,0.04
247866,0.00
248065,0.02
248083,0.00
248103,0.00
248605,0.01
248930,0.04
249130,0.00
249266,0.45
249276,0.08
249473,0.34
249520,0.06
249601,0.00
249657,0.10
249737,0.02
250008,0.00
250206,0.01
250304,0.00
250309,0.11
250439,0.00
250570,0.02
250753,0.00
251086,0.00
251216,0.07
251327,0.01
251328,0.06
251446,0.05
251455,0.03
251467,0.06
251731,0.00
251935,0.09
251940,0.01
251980,0.08
252303,0.02
252424,0.00
252425,0.02
252903,0.00
253159,0.02
254158,0.11
254310,0.07
254439,0.01
254480,0.00
254551,0.00
254795,0.00
254804,0.11
254815,0.21
255080,0.00
255280,0.05
255422,0.00
255456,0.00
255729,0.07
256095,0.53
256712,0.07
256777,0.30
256895,0.03
257111,0.02
257593,0.01
257651,0.00
257916,0.05
258099,0.10
258142,0.01
258197,0.00
258547,0.00
259013,0.01
259163,0.03
259292,0.16
259505,0.32
259616,0.00
259636,0.01
259832,0.08
260005,0.00
260221,0.04
260572,0.02
260649,0.00
261107,0.03
261112,0.03
261223,0.03
261535,0.02
261602,0.00
261997,0.05
262051,0.02
262356,0.03
262381,0.02
262459,0.00
262520,0.11
262551,0.00
262777,0.21
262959,0.00
263022,0.00
263156,0.25
263409,0.01
263545,0.00
263617,0.01
263733,0.00
264194,0.02
264241,0.03
264587,0.04
264624,0.00
264670,0.05
264700,0.12
264813,0.00
265031,0.01
265099,0.01
265193,0.15
265232,0.01
265337,0.01
265931,0.27
266035,0.19
266141,0.03
266189,0.05
266286,0.01
266606,0.22
266993,0.24
267479,0.15
267590,0.00
267634,0.06
267670,0.06
267817,0.10
268077,0.13
268337,0.00
268360,0.00
268409,0.00
268652,0.26
268710,0.00
268993,0.13
269135,0.01
269354,0.10
269439,0.19
269543,0.00
269780,0.00
269787,0.01
269858,0.00
270601,0.19
271007,0.03
271100,0.07
271189,0.13
271556,0.00
271625,0.01
271747,0.06
271973,0.00
272219,0.01
272567,0.24
272848,0.12
272918,0.00
273123,0.06
273219,0.00
273356,0.00
273908,0.03
273934,0.02
274353,0.00
274427,0.10
274551,0.16
274614,0.08
274679,0.00
275019,0.00
275042,0.02
275264,0.01
275321,0.03
275481,0.03
275954,0.00
276018,0.47
276372,0.11
276548,0.24
276717,0.05
277009,0.02
277667,0.03
277732,0.00
278072,0.10
278301,0.05
278464,0.04
278494,0.09
278601,0.00
278775,0.01
278945,0.08
279087,0.00
279204,0.11
279623,0.07
279842,0.33
279901,0.02
280198,0.06
280236,0.00
280764,0.13
281108,0.22
281355,0.00
281378,0.01
281451,0.04
281459,0.10
281541,0.09
281655,0.10
281852,0.04
282197,0.00
282682,0.01
283576,0.00
283886,0.19
283958,0.09
284363,0.06
284522,0.20
284726,0.36
284881,0.19
285003,0.21
285032,0.00
285047,0.05
285065,0.02
285081,0.00
285226,0.31
285293,0.00
285371,0.02
285791,0.16
285837,0.06
285892,0.00
285929,0.04
285930,0.18
286226,0.03
286512,0.00
286679,0.01
286735,0.01
286916,0.18
286996,0.10
287057,0.00
287462,0.00
287551,0.00
287905,0.06
287984,0.05
287992,0.21
288015,0.00
288163,0.05
288325,0.05
288616,0.30
288723,0.00
288836,0.00
289118,0.05
289273,0.00
289472,0.00
289555,0.02
289684,0.13
289780,0.01
289893,0.01
289972,0.07
290361,0.00
290418,0.01
290525,0.01
290592,0.03
290676,0.00
290846,0.16
291170,0.03
291219,0.00
291233,0.00
291493,0.12
291677,0.04
291762,0.01
292028,0.36
292166,0.00
292227,0.09
292375,0.00
292389,0.00
292609,0.16
292690,0.01
292850,0.40
293039,0.12
293188,0.15
293210,0.04
293255,0.00
293270,0.00
293328,0.04
293505,0.01
294471,0.14
294756,0.00
295213,0.01
295232,0.03
295414,0.00
295661,0.00
295701,0.00
295742,0.03
295978,0.00
296216,0.00
296516,0.10
296555,0.03
296718,0.01
296728,0.01
297120,0.02
297136,0.00
297320,0.39
297337,0.04
297503,0.06
297565,0.18
297847,0.01
298140,0.01
298612,0.00
298618,0.27
298842,0.03
298993,0.01
299446,0.13
299763,0.00
299934,0.01
299939,0.32
300136,0.00
300300,0.03
300473,0.01
300713,0.00
300733,0.00
300875,0.00
300936,0.02
301023,0.00
301086,0.01
301160,0.00
301481,0.01
301513,0.17
301650,0.05
302055,0.00
302138,0.07
302232,0.09
302323,0.02
302384,0.56
302546,0.01
302563,0.00
303027,0.04
303125,0.20
303191,0.03
303205,0.05
303334,0.01
303355,0.00
303410,0.45
303447,0.01
303534,0.00
303593,0.01
303943,0.19
304175,0.11
304186,0.00
304410,0.05
304454,0.00
304456,0.05
304472,0.01
304615,0.00
304880,0.28
305324,0.09
305456,0.00
305540,0.02
305685,0.05
305706,0.00
305934,0.00
305956,0.04
306130,0.00
306525,0.26
306612,0.04
306729,0.07
306794,0.09
306819,0.16
306999,0.05
307046,0.00
307144,0.22
307366,0.09
307669,0.00
307922,0.00
307984,0.28
308017,0.04
308269,0.00
308452,0.00
308630,0.00
308652,0.00
308687,0.04
308755,0.01
308936,0.00
308992,0.50
309140,0.00
309142,0.67
309147,0.00
309168,0.09
309269,0.02
309499,0.00
309569,0.02
309591,0.01
309635,0.00
309670,0.05
309727,0.00
309992,0.00
310237,0.00
310800,0.02
310855,0.03
310902,0.00
310977,0.01
310997,0.02
311056,0.00
311204,0.00
311216,0.02
311584,0.17
311686,0.00
311768,0.70
311905,0.00
311990,0.20
312062,0.00
312063,0.03
312225,0.00
312867,0.00
313047,0.02
313409,0.00
313426,0.02
313801,0.10
314159,0.05
314362,0.41
314513,0.00
314521,0.02
314867,0.00
315046,0.25
315104,0.00
315105,0.02
315170,0.06
315313,0.02
315456,0.00
315684,0.10
315761,0.16
315777,0.01
316275,0.89
316412,0.01
316512,0.00
316543,0.02
316946,0.01
317070,0.08
317646,0.82
317706,0.06
318006,0.00
318268,0.12
318372,0.31
318443,0.02
318505,0.06
318632,0.01
318748,0.00
318801,0.03
318811,0.23
319118,0.00
319224,0.38
319363,0.00
319370,0.18
319596,0.85
319849,0.31
320395,0.00
320745,0.01
320798,0.23
321018,0.32
321265,0.02
321350,0.02
321393,0.00
321422,0.13
321503,0.17
321720,0.08
321975,0.00
321996,0.00
322102,0.00
322139,0.01
322324,0.00
322454,0.01
322636,0.00
322723,0.01
322821,0.03
323085,0.11
323264,0.11
323445,0.12
323870,0.03
324219,0.11
324247,0.00
324373,0.06
324471,0.16
324680,0.00
324835,0.12
324841,0.01
325221,0.08
325521,0.02
326619,0.02
326736,0.17
326842,0.08
326874,0.00
327101,0.23
327662,0.02
327941,0.17
328529,0.11
328548,0.03
328905,0.00
329363,0.00
329437,0.09
329467,0.00
329558,0.06
329631,0.01
329638,0.01
329897,0.00
330026,0.01
330107,0.46
330126,0.01
330349,0.01
330836,0.06
330865,0.12
330933,0.00
330938,0.00
331195,0.06
331342,0.00
331788,0.49
331905,0.00
332072,0.01
332516,0.00
332565,0.00
332886,0.00
333700,0.29
333892,0.11
334125,0.00
334471,0.00
334529,0.08
334738,0.02
334800,0.00
334841,0.01
334987,0.00
335395,0.05
336087,0.04
336463,0.00
336545,0.01
336998,0.00
337000,0.01
337081,0.06
337134,0.00
337155,0.22
337239,0.00
337247,0.00
337322,0.11
337388,0.00
337444,0.00
337688,0.02
338004,0.00
338078,0.07
338279,0.28
338579,0.01
338592,0.02
339040,0.00
339043,0.14
339496,0.07
339663,0.00
339984,0.01
339985,0.00
340806,0.01
340910,0.00
340950,0.39
341026,0.12
341337,0.00
341359,0.00
341451,0.10
341770,0.31
342348,0.01
342788,0.33
342998,0.02
343193,0.00
343206,0.00
343317,0.11
345057,0.20
345132,0.01
345194,0.04
345379,0.00
345804,0.09
345812,0.02
345878,0.16
345904,0.00
346162,0.00
346451,0.14
346600,0.41
346761,0.02
346816,0.02
347070,0.02
347594,0.28
348629,0.00
348663,0.08
348814,0.14
348880,0.08
348967,0.02
349017,0.03
349405,0.00
349457,0.02
349516,0.00
350317,0.16
350391,0.00
350660,0.27
350668,0.19
350739,0.00
350869,0.00
351063,0.02
351794,0.02
352138,0.12
352226,0.01
352278,0.00
352445,0.02
352700,0.00
352840,0.00
353084,0.19
353152,0.07
353174,0.00
353361,0.01
353378,0.01
353534,0.14
353777,0.00
354071,0.00
354239,0.05
354595,0.05
354672,0.03
354695,0.01
354750,0.06
354796,0.00
354911,0.12
354917,0.05
354982,0.06
355196,0.03
355375,0.15
355750,0.00
356010,0.10
356414,0.00
356653,0.04
356811,0.23
356848,0.01
357023,0.12
357163,0.00
357179,0.00
357300,0.01
357323,0.02
357431,0.00
357483,0.02
357536,0.07
357692,0.01
358088,0.09
358185,0.00
358196,0.03
358824,0.26
358880,0.05
359013,0.01
359032,0.28
359236,0.03
360751,0.11
360782,0.02
360922,0.00
361388,0.11
361556,0.04
361639,0.23
361736,0.00
361888,0.00
362061,0.00
362162,0.02
362208,0.13
362802,0.47
363973,0.00
364045,0.00
364047,0.05
364077,0.04
364296,0.65
364574,0.01
364581,0.01
364608,0.01
364654,0.00
365000,0.06
365179,0.04
365348,0.01
365942,0.03
366387,0.02
366681,0.01
366740,0.00
366832,0.02
366966,0.00
367074,0.11
367239,0.29
367521,0.06
367630,0.03
367855,0.00
367992,0.00
368015,0.36
368232,0.03
368321,0.20
368454,0.39
368846,0.00
368911,0.00
369067,0.09
369376,0.08
369383,0.01
370223,0.02
370382,0.15
370775,0.03
370966,0.19
371153,0.27
371192,0.00
371229,0.01
371247,0.11
371380,0.01
372431,0.04
372607,0.09
373614,0.06
373635,0.02
373813,0.04
373968,0.00
374381,0.10
375254,0.17
375392,0.10
375460,0.16
375906,0.01
376382,0.16
376608,0.00
376742,0.06
376871,0.11
377768,0.01
378382,0.07
378451,0.04
378479,0.06
378533,0.32
378845,0.01
379210,0.00
379295,0.11
379470,0.02
379911,0.16
379972,0.00
381397,0.00
381400,0.05
381636,0.05
381805,0.09
381835,0.02
382071,0.10
382627,0.38
383090,0.03
383420,0.01
383499,0.03
383745,0.04
384060,0.02
384131,0.00
384198,0.00
384310,0.01
384323,0.01
384446,0.01
384645,0.01
384762,0.42
385439,0.03
385950,0.06
385961,0.00
385971,0.03
386479,0.01
386608,0.00
386724,0.01
386727,0.15
387169,0.07
387338,0.02
387518,0.16
387569,0.41
387684,0.09
387724,0.09
387851,0.09
387854,0.00
387935,0.00
388440,0.00
388452,0.00
388566,0.00
388685,0.11
388740,0.45
389237,0.00
389844,0.03
390001,0.19
390080,0.31
390107,0.00
390294,0.00
390306,0.00
390384,0.08
390398,0.04
390467,0.05
390521,0.01
390979,0.06
391239,0.30
391546,0.01
391578,0.04
391657,0.00
392014,0.04
392202,0.20
392402,0.33
392799,0.02
393183,0.02
393367,0.19
393634,0.03
393694,0.05
394101,0.06
394344,0.08
394351,0.03
394493,0.41
395200,0.01
395371,0.06
395459,0.07
395468,0.02
395666,0.06
395835,0.02
395886,0.02
396049,0.13
396138,0.00
396569,0.04
396692,0.00
396880,0.18
396927,0.19
396941,0.18
397000,0.20
397148,0.02
397302,0.03
397426,0.23
397645,0.33
397895,0.25
398619,0.00
398704,0.02
398801,0.00
398908,0.38
398961,0.33
399753,0.00
400466,0.23
400665,0.02
400755,0.14
400792,0.03
400837,0.14
400875,0.06
401088,0.00
401477,0.00
401574,0.00
402244,0.02
402317,0.00
402343,0.08
402678,0.00
402694,0.09
402809,0.00
403580,0.02
403944,0.00
404026,0.23
404306,0.01
404316,0.10
404889,0.00
405365,0.19
405464,0.01
405756,0.05
406077,0.03
406282,0.26
406492,0.05
406621,0.00
406798,0.00
406819,0.02
407408,0.00
407533,0.09
407551,0.02
407584,0.16
407607,0.00
407905,0.02
408108,0.24
408256,0.01
408652,0.03
409056,0.01
409266,0.23
409704,0.01
410106,0.02
410411,0.01
410509,0.13
410725,0.02
410737,0.01
410830,0.01
410937,0.02
411538,0.01
412055,0.05
412165,0.42
412207,0.07
412619,0.02
412636,0.02
412711,0.27
413007,0.03
413096,0.02
413338,0.01
413736,0.25
413956,0.18
414977,0.01
415274,0.04
415993,0.02
416145,0.01
416294,0.00
416526,0.36
416599,0.07
416694,0.01
416911,0.19
417190,0.29
417230,0.01
417314,0.01
417652,0.27
417947,0.49
418109,0.02
418323,0.10
418678,0.00
419140,0.04
419146,0.38
419518,0.02
419736,0.03
419788,0.01
420218,0.05
420221,0.27
420505,0.06
420539,0.00
420684,0.44
421589,0.02
422234,0.22
422235,0.04
422573,0.07
422966,0.01
423236,0.00
423414,0.15
423554,0.01
423612,0.04
425047,0.08
425085,0.03
425542,0.32
425804,0.00
425951,0.14
426026,0.00
426086,0.26
426169,0.30
426217,0.00
426704,0.00
426856,0.00
426911,0.10
426937,0.02
426998,0.03
427035,0.00
427638,0.00
428197,0.27
428256,0.00
428322,0.02
428438,0.00
428686,0.03
428755,0.00
429040,0.06
429115,0.00
429532,0.11
430165,0.12
430191,0.02
430326,0.06
430476,0.07
430595,0.31
431188,0.02
432289,0.04
432497,0.05
432833,0.03
432939,0.00
433006,0.02
433095,0.04
433265,0.16
433779,0.01
433977,0.15
434251,0.62
434331,0.08
434718,0.15
435118,0.01
435254,0.11
435256,0.28
435387,0.35
435501,0.00
435697,0.04
435858,0.01
435884,0.02
435888,0.02
435926,0.19
436199,0.00
436250,0.14
436402,0.16
436429,0.08
436465,0.00
436988,0.06
437067,0.00
437203,0.54
437259,0.06
437401,0.05
437488,0.01
437522,0.01
437816,0.01
438120,0.14
438192,0.01
438391,0.07
438438,0.02
438445,0.00
438461,0.04
438489,0.02
438854,0.00
439362,0.04
439500,0.00
439634,0.11
439643,0.00
439671,0.00
439873,0.11
440023,0.09
440065,0.16
440211,0.12
440506,0.06
440525,0.06
440714,0.02
441116,0.16
441353,0.05
442279,0.01
442350,0.02
442374,0.00
442946,0.00
443756,0.00
443856,0.08
443870,0.61
444158,0.04
444290,0.01
444884,0.14
444922,0.00
445629,0.07
445670,0.01
445811,0.07
446225,0.01
446288,0.00
446633,0.00
446675,0.09
446705,0.50
446912,0.03
446992,0.19
447178,0.45
447382,0.36
447627,0.17
447745,0.01
448148,0.06
448374,0.00
448402,0.41
448704,0.00
448977,0.00
449054,0.03
449422,0.08
449589,0.02
450107,0.17
450292,0.07
450720,0.00
450815,0.07
451231,0.05
451438,0.20
451790,0.00
451880,0.03
452383,0.04
452559,0.00
453357,0.00
453509,0.18
453696,0.52
453994,0.04
454252,0.00
454895,0.00
455040,0.10
455153,0.01
455389,0.33
455911,0.04
455957,0.02
456029,0.02
456159,0.04
456701,0.28
457336,0.08
457886,0.30
457982,0.63
458333,0.06
458534,0.03
458822,0.00
458947,0.06
459185,0.00
459688,0.16
459997,0.10
460107,0.01
460847,0.50
460984,0.09
461079,0.07
461191,0.06
461283,0.10
461289,0.02
461819,0.00
462358,0.01
462583,0.01
462725,0.05
462832,0.01
463105,0.21
463586,0.01
463807,0.07
463895,0.07
463940,0.37
464068,0.01
464442,0.01
464829,0.07
465036,0.22
465163,0.02
465342,0.01
466143,0.16
466177,0.00
466527,0.02
466634,0.00
466776,0.00
467128,0.00
467992,0.02
468083,0.05
468192,0.07
468338,0.10
468431,0.00
468456,0.02
468478,0.01
468856,0.01
468914,0.03
469087,0.36
469099,0.11
469466,0.04
470417,0.22
471434,0.01
471703,0.98
471960,0.02
471967,0.22
472501,0.00
473202,0.00
473766,0.00
474216,0.00
474726,0.30
474921,0.01
475007,0.00
475132,0.14
475322,0.00
475391,0.04
475405,0.00
475432,0.02
475703,0.01
475836,0.00
476777,0.39
476832,0.02
476929,0.01
477183,0.02
477549,0.02
477844,0.10
478188,0.00
478211,0.27
478377,0.02
478390,0.04
478499,0.14
478606,0.03
478617,0.00
479387,0.02
479421,0.14
479998,0.03
480207,0.79
480489,0.00
480756,0.01
480989,0.00
481012,0.24
481063,0.11
481371,0.02
482084,0.00
482448,0.00
482449,0.14
482892,0.08
482936,0.12
483233,0.27
483292,0.06
483489,0.14
484100,0.00
484228,0.18
484871,0.12
485478,0.34
485526,0.03
485955,0.00
486010,0.02
486086,0.04
486450,0.00
486535,0.03
486989,0.00
487238,0.07
487630,0.09
488046,0.12
488099,0.04
488494,0.30
488734,0.00
489093,0.25
489196,0.04
490105,0.39
490190,1.00
490414,0.00
491584,0.15
491703,0.16
491825,0.08
492038,0.20
492159,0.01
492312,0.00
492636,0.17
492954,0.53
492984,0.01
493151,0.20
493187,0.00
493457,0.02
493520,0.01
493601,0.41
493957,0.00
494169,0.08
495097,0.37
495613,0.07
496603,0.01
496996,0.08
497057,0.06
497288,0.15
497635,0.00
497848,0.01
497960,0.00
498178,0.00
498820,0.03
500053,0.01
500244,0.21
500563,0.10
500894,0.20
501519,0.02
501869,0.15
502136,0.24
502450,0.00
502738,0.00
503027,0.25
503094,0.12
503243,0.09
504578,0.11
504770,0.08
504838,0.00
505760,0.10
505959,0.00
506060,0.49
506108,0.01
507184,0.02
507346,0.13
507777,0.12
508449,0.40
508468,0.00
508819,0.00
508988,0.11
509056,0.14
509402,0.00
509485,0.04
509824,0.26
509835,0.03
509934,0.01
510146,0.01
510205,0.00
510334,0.00
510450,0.13
511154,0.03
511244,0.04
511830,0.02
512176,0.11
512217,0.01
512316,0.04
512869,0.04
513320,0.05
513512,0.15
513528,0.07
513554,0.02
514427,0.00
514484,0.01
515174,0.07
515230,0.00
515358,0.00
515694,0.35
515807,0.00
516082,0.01
516457,0.02
516463,0.00
516508,0.18
516720,0.28
516752,0.04
516761,0.30
516804,0.02
516974,0.19
517200,0.60
517250,0.01
518169,0.14
518266,0.01
518391,0.01
519123,0.00
519550,0.03
519680,0.06
519726,0.18
520165,0.01
520392,0.02
520685,0.07
520990,0.17
521251,0.03
521457,0.04
521877,0.00
522003,0.07
522115,0.26
522227,0.00
523145,0.60
523490,0.00
523750,0.05
523902,0.03
524015,0.30
524138,0.00
524637,0.34
525585,0.02
526108,0.05
526178,0.10
526396,0.00
526495,0.02
526559,0.00
526687,0.01
527063,0.22
527701,0.12
528343,0.00
529183,0.02
529279,0.01
529793,0.01
529877,0.07
529941,0.20
530422,0.03
530650,0.02
530752,0.02
531560,0.03
531788,0.16
532314,0.05
532399,0.14
532541,0.16
532566,0.19
532659,0.18
532962,0.21
533078,0.15
533133,0.00
533532,0.00
533758,0.01
533941,0.06
534200,0.20
534356,0.16
534704,0.13
535510,0.03
535561,0.00
536498,0.03
536556,0.03
536627,0.58
537025,0.01
537048,0.02
537758,0.29
537829,0.01
538060,0.02
538080,0.04
538104,0.17
538247,0.00
538448,0.03
538777,0.27
538935,0.09
540067,0.00
541133,0.00
541459,0.04
541540,0.11
541820,0.06
542095,0.05
542548,0.45
542550,0.05
542667,0.02
542702,0.01
542802,0.01
542885,0.16
542964,0.29
543438,0.02
543458,0.02
543765,0.15
543928,0.09
543957,0.21
544072,0.06
544445,0.12
544736,0.00
545102,0.00
545327,0.03
545567,0.03
545779,0.00
545870,0.22
546661,0.05
547298,0.03
547554,0.01
547601,0.03
547858,0.07
547984,0.05
548129,0.01
548241,0.01
548361,0.21
548550,0.01
549171,0.02
549346,0.40
549614,0.06
549716,0.01
550079,0.12
550554,0.13
550803,0.00
550811,0.03
551063,0.01
551414,0.25
551679,0.00
552290,0.00
552329,0.28
552503,0.01
552634,0.30
552761,0.05
552805,0.06
553116,0.00
553291,0.07
553887,0.00
554273,0.20
554463,0.01
554560,0.10
554900,0.10
555664,0.05
555674,0.08
556249,0.01
556571,0.04
556928,0.04
557305,0.27
557478,0.01
557537,0.11
557679,0.12
558451,0.04
558673,0.09
559948,0.00
559956,0.25
560175,0.24
560336,0.04
560559,0.04
560940,0.06
561415,0.00
561459,0.00
562263,0.05
562647,0.01
562734,0.16
563059,0.04
563236,0.02
563599,0.02
563617,0.25
563651,0.12
564003,0.02
564010,0.02
564145,0.01
564295,0.02
564408,0.01
564472,0.00
564637,0.02
564779,0.00
564831,0.23
564835,0.00
565150,0.00
565453,0.16
565749,0.67
565900,0.14
566040,0.20
566356,0.01
566631,0.30
566647,0.00
566667,0.00
566679,0.08
566681,0.05
567637,0.14
567926,0.21
568004,0.01
568192,0.71
568266,0.00
568437,0.10
568459,0.05
568634,0.32
568740,0.11
568932,0.00
569884,0.36
569886,0.14
569896,0.00
569921,0.13
570376,0.08
570746,0.08
570777,0.23
570787,0.13
571006,0.58
571171,0.53
571471,0.49
573541,0.00
573972,0.01
574111,0.01
575015,0.03
575045,0.01
575316,0.28
575325,0.03
575916,0.10
576158,0.17
576401,0.01
576719,0.03
577042,0.00
577330,0.00
577641,0.03
577718,0.08
578001,0.04
578260,0.18
578272,0.02
578476,0.11
578658,0.01
578755,0.01
578818,0.07
579126,0.00
579595,0.07
579785,0.06
580344,0.02
580371,0.01
581286,0.00
581407,0.05
581590,0.01
581687,0.21
581955,0.00
582085,0.02
582337,0.11
582610,0.25
582720,0.01
582848,0.24
583427,0.35
583478,0.06
584204,0.00
584415,0.00
586025,0.08
586046,0.02
586532,0.82
586937,0.03
586999,0.27
587082,0.39
587125,0.55
587274,0.08
587344,0.19
587404,0.02
587549,0.00
587830,0.00
588131,0.00
588169,0.02
588463,0.17
588465,0.05
588530,0.00
588537,0.00
588919,0.56
589071,0.00
589472,0.21
589815,0.08
589840,0.23
590068,0.39
590486,0.18
590633,0.26
590926,0.00
591192,0.24
591475,0.07
592499,0.00
593120,0.08
593145,0.31
594778,0.17
595002,0.03
595155,0.02
595202,0.05
595394,0.00
595434,0.74
595563,0.00
595714,0.23
595854,0.00
596202,0.11
596473,0.09
596533,0.03
596540,0.01
596587,0.00
596794,0.00
596957,0.00
597003,0.00
597761,0.00
597800,0.01
597928,0.01
598297,0.09
598378,0.35
598516,0.05
598646,0.03
598994,0.03
600305,0.03
600326,0.06
600550,0.01
600718,0.02
600968,0.20
601085,0.20
601313,0.05
601410,0.70
601576,0.03
601752,0.02
601757,0.08
601763,0.07
601857,0.01
603000,0.00
603498,0.04
604019,0.00
604108,0.01
604337,0.12
604537,0.39
604883,0.01
604998,0.02
605002,0.00
605024,0.01
605397,0.15
605400,0.03
605416,0.28
606409,0.15
606890,0.03
607692,0.11
607728,0.02
607764,0.00
607825,0.09
607879,0.00
608310,0.30
608439,0.02
608584,0.12
608772,0.20
608885,0.00
608917,0.22
609141,0.10
610366,0.07
610420,0.01
610576,0.12
612280,0.00
612595,0.15
612787,0.17
612860,0.05
614229,0.12
614408,0.07
614632,0.11
614842,0.30
614933,0.16
615165,0.03
615897,0.00
616242,0.03
616629,0.05
619072,0.01
619357,0.04
620255,0.11
620341,0.07
621424,0.84
621688,0.01
621882,0.08
621889,0.00
621928,0.12
621940,0.23
622086,0.31
622148,0.20
622157,0.22
623050,0.04
623849,0.08
623920,0.51
624087,0.01
624122,0.01
625016,0.00
625207,0.00
625492,0.03
625585,0.01
625678,0.00
626627,0.00
627001,0.02
627300,0.02
627548,0.03
628141,0.23
628694,0.90
629010,0.62
629378,0.29
629727,0.19
629790,0.00
630879,0.00
630989,0.03
630991,0.01
631266,0.01
631421,0.06
631848,0.45
631935,0.05
632021,0.03
632409,0.00
632647,0.00
632785,0.00
633295,0.05
634090,0.01
634285,0.03
635229,0.00
635342,0.00
635421,0.00
636058,0.04
636383,0.04
636384,0.37
636440,0.30
636686,0.07
636733,0.08
636759,0.01
637133,0.08
637815,0.09
637848,0.01
637951,0.31
638193,0.04
638327,0.08
638374,0.02
638474,0.00
638968,0.12
639618,0.18
639855,0.02
640094,0.26
640266,0.01
640511,0.14
641039,0.59
641234,0.10
641247,0.07
641253,0.50
641525,0.03
641578,0.00
641933,0.00
642221,0.04
642705,0.00
642744,0.10
643123,0.01
643175,0.00
643193,0.32
643722,0.02
643783,0.02
643988,0.10
644082,0.01
644229,0.00
644308,0.00
644447,0.38
645327,0.01
645369,0.05
645751,0.03
646682,0.01
646821,0.16
646930,0.00
647117,0.01
647354,0.08
647789,0.56
647989,0.01
648435,0.04
648478,0.00
649087,0.01
649589,0.69
650070,0.50
650181,0.00
650946,0.18
651207,0.01
651232,0.03
651337,0.04
651549,0.00
651930,0.24
651966,0.07
652083,0.00
652543,0.00
652675,0.05
653655,0.02
653711,0.01
653951,0.00
654228,0.44
654525,0.03
654547,0.00
654658,0.23
654726,0.40
655944,0.15
656962,0.02
657035,0.49
657189,0.01
657337,0.24
657582,0.23
657806,0.10
657878,0.37
658122,0.01
658153,0.01
658187,0.16
658311,0.17
658533,0.05
658601,0.01
658804,0.00
658820,0.43
658883,0.00
659254,0.02
660161,0.00
660668,0.00
660909,0.43
661111,0.00
661797,0.80
661828,0.21
662002,0.20
662157,0.00
662185,0.40
662421,0.01
662599,0.02
662681,0.06
662849,0.01
662952,0.40
663360,0.08
663475,0.00
663647,0.09
664096,0.08
664667,0.00
665088,0.01
665255,0.00
665271,0.00
665437,0.00
665634,0.04
666058,0.18
666297,0.05
666326,0.00
666444,0.14
666575,0.00
666900,0.06
667142,0.07
667605,0.00
667750,0.13
667866,0.20
668176,0.06
668286,0.00
668847,0.00
668983,0.11
669624,0.05
669740,0.06
670077,0.03
670302,0.09
671087,0.00
671940,0.22
671988,0.28
672083,0.25
672340,0.08
672607,0.04
672987,0.04
672994,0.15
673371,0.08
673659,0.02
674385,0.25
674927,0.02
674929,0.10
675050,0.00
675450,0.02
676311,0.51
676578,0.21
676669,0.06
677298,0.07
677430,0.01
677940,0.00
677982,0.43
678040,0.24
678058,0.09
678356,0.23
678676,0.01
679177,0.01
679454,0.05
679582,0.02
679837,0.21
679867,0.30
679902,0.02
679942,0.01
679993,0.03
680261,0.45
681057,0.20
681071,0.11
681128,0.01
681317,0.00
681565,0.02
682175,0.45
682420,0.03
682463,0.46
682518,0.09
682761,0.19
682988,0.13
683051,0.02
683088,0.08
684336,0.06
684534,0.35
684885,0.24
685251,0.30
685593,0.10
685641,0.00
685760,0.01
686417,0.39
686912,0.04
686915,0.11
686983,0.09
687081,0.00
687129,0.06
687329,0.02
687414,0.03
687424,0.05
687584,0.09
687774,0.21
687810,0.02
688164,0.02
688537,0.01
688932,0.02
689117,0.01
689383,0.00
689388,0.18
689522,0.11
690165,0.03
690218,0.04
690350,0.06
690911,0.00
691088,0.00
691375,0.23
691421,0.06
691676,0.25
691790,0.07
692470,0.00
692548,0.26
692658,0.00
692790,0.35
693045,0.49
694217,0.00
694360,0.22
694527,0.24
694611,0.07
694618,0.00
695253,0.01
695310,0.12
695696,0.01
696141,0.01
696820,0.16
697349,0.28
698286,0.00
698475,0.14
698542,0.32
698826,0.02
699099,0.01
701207,0.05
701383,0.21
701925,0.15
702496,0.09
702582,0.07
702584,0.42
702628,0.17
703654,0.00
703889,0.07
704150,0.23
704572,0.16
705391,0.02
705506,0.02
705668,0.01
705817,0.00
705904,0.00
705991,0.24
706090,0.13
706451,0.57
707049,0.13
707621,0.15
707945,0.25
708721,0.00
709090,0.01
709456,0.11
709744,0.34
710015,0.06
710923,0.12
711131,0.05
711248,0.21
711358,0.02
711750,0.08
712016,0.11
712180,0.26
712502,0.02
712630,0.08
712717,0.00
713026,0.15
713061,0.11
713242,0.10
713384,0.01
713650,0.05
713745,0.00
713903,0.24
713908,0.31
714145,0.09
714238,0.39
714390,0.04
715055,0.00
715651,0.07
716085,0.00
717921,0.06
718412,0.02
718588,0.06
718679,0.11
719109,0.03
719211,0.14
719601,0.10
720260,0.00
720395,0.01
721093,0.01
721465,0.01
721510,0.00
721615,0.02
721903,0.22
722046,0.15
722334,0.13
722556,0.00
723006,0.54
723492,0.00
723710,0.17
723764,0.39
723909,0.00
723997,0.15
724271,0.04
725451,0.19
725611,0.05
725670,0.06
726557,0.08
726743,0.99
727129,0.20
727203,0.25
727649,0.09
727658,0.03
728263,0.28
728326,0.11
728849,0.30
728908,0.27
729028,0.00
729182,0.02
729317,0.02
729416,0.03
729562,0.61
729683,0.08
729716,0.03
730515,0.09
731473,0.02
731706,0.24
731781,0.02
732262,0.00
732286,0.02
733108,0.03
733600,0.14
733878,0.13
734009,0.48
734700,0.00
735916,0.07
735948,0.05
736004,0.00
736048,0.19
736191,0.12
737623,0.04
737950,0.04
738394,0.54
738592,0.12
738626,0.00
738703,0.11
739788,0.27
739892,0.13
741249,0.02
741759,0.02
741771,0.05
741944,0.01
742413,0.17
742665,0.08
742915,0.00
743079,0.14
743770,0.02
744029,0.04
744678,0.01
745514,0.22
746305,0.02
746331,0.01
746791,0.06
747139,0.02
747342,0.01
748429,0.00
748746,0.62
748835,0.23
749017,0.03
749348,0.00
749376,0.13
749767,0.02
749782,0.02
749981,0.01
750058,0.36
750225,0.34
750482,0.00
750519,0.00
750724,0.33
750812,0.00
751233,0.00
751293,0.00
751425,0.22
751962,0.04
752056,0.12
752240,0.06
752380,0.00
752782,0.02
752898,0.24
753530,0.06
754001,0.07
754585,0.01
754724,0.39
755588,0.46
755991,0.02
756037,0.00
756380,0.00
756819,0.00
756823,0.02
756861,0.04
756867,0.00
756882,0.01
757114,0.11
757195,0.09
757284,0.09
757372,0.04
757451,0.01
757508,0.10
757511,0.51
757534,0.07
757615,0.07
757628,0.00
757886,0.03
758080,0.00
758158,0.00
758541,0.06
758701,0.08
758874,0.01
759582,0.02
759612,0.01
759762,0.04
759890,0.17
759923,0.49
760215,0.66
760605,0.00
760862,0.04
760896,0.10
761251,0.09
761598,0.02
761654,0.00
761656,0.03
762968,0.04
763077,0.00
763338,0.01
763570,0.06
764353,0.01
765099,0.00
765234,0.29
766048,0.41
767446,0.04
767553,0.05
768194,0.00
768692,0.03
769117,0.02
769233,0.22
769334,0.00
769484,0.00
769759,0.00
770199,0.03
770361,0.04
770391,0.03
770879,0.06
771245,0.01
771576,0.04
771777,0.01
771858,0.50
772008,0.23
772211,0.11
772542,0.02
772836,0.00
773077,0.00
773145,0.00
773166,0.02
773171,0.08
773926,0.11
774030,0.24
774384,0.02
774590,0.44
775202,0.05
775641,0.21
775706,0.00
775760,0.00
775801,0.00
775993,0.03
776207,0.26
776703,0.00
776951,0.04
777423,0.02
777893,0.01
778036,0.00
778921,0.08
778930,0.04
778955,0.01
779477,0.00
779478,0.02
779684,0.00
779982,0.02
780077,0.06
780605,0.01
781114,0.09
781193,0.21
781919,0.09
782083,0.28
782626,0.04
782654,0.13
782807,0.28
782925,0.24
783132,0.06
783685,0.37
783900,0.08
783964,0.17
784601,0.00
784662,0.00
786309,0.02
786903,0.39
786926,0.68
787080,0.00
787564,0.04
787742,0.00
787909,0.04
788326,0.06
788369,0.00
788546,0.00
788575,0.17
788686,0.17
789094,0.00
789664,0.00
789729,0.51
789846,0.38
790565,0.29
790701,0.01
790704,0.18
790798,0.39
791429,0.06
791654,0.00
791727,0.13
791894,0.57
792278,0.01
792328,0.00
792352,0.15
792568,0.05
792912,0.03
793635,0.09
794835,0.00
796041,0.00
796146,0.18
796923,0.01
797413,0.27
797507,0.00
797536,0.03
797643,0.04
797662,0.00
798174,0.00
798293,0.00
798330,0.39
798543,0.04
798795,0.08
798816,0.00
799101,0.02
799535,0.00
799581,0.00
799591,0.13
800530,0.15
800830,0.55
801136,0.02
801262,0.00
801361,0.01
801395,0.13
802162,0.11
802286,0.34
803018,0.20
803164,0.02
803236,0.30
803278,0.01
803329,0.28
804015,0.19
804480,0.57
804559,0.01
805178,0.02
805268,0.01
805397,0.02
805594,0.01
806173,0.22
806564,0.07
807793,0.00
808027,0.06
808474,0.00
808586,0.01
808973,0.02
809215,0.20
809404,0.06
810434,0.02
810795,0.00
811856,0.93
812052,0.15
812198,0.27
812428,0.32
812700,0.11
813271,0.04
813460,0.09
814068,0.10
814997,0.09
815874,0.03
815914,0.30
816063,0.06
816519,0.01
816718,0.25
817051,0.11
817191,0.07
817765,0.02
817779,0.27
819004,0.07
820536,0.00
820687,0.00
822063,0.00
822429,0.15
822444,0.04
822446,0.00
822804,0.00
823118,0.05
823391,0.05
823473,0.52
823784,0.12
824230,0.00
824496,0.29
824511,0.00
824699,0.04
824880,0.00
825026,0.01
825171,0.08
825199,0.00
825841,0.03
826177,0.00
826663,0.00
826859,0.33
826923,0.03
827466,0.02
827603,0.02
827872,0.67
828326,0.00
829366,0.09
829413,0.08
830171,0.12
830364,0.03
830617,0.06
830640,0.02
830753,0.01
831112,0.04
831203,0.01
831237,0.37
831460,0.01
831526,0.00
831963,0.00
832003,0.00
832068,0.03
832379,0.07
832444,0.00
832651,0.04
832808,0.01
832858,0.03
833087,0.03
834114,0.44
834157,0.04
834449,0.07
834960,0.48
835064,0.11
835432,0.01
835808,0.01
836142,0.01
836146,0.22
836215,0.05
836227,0.00
836333,0.17
836454,0.01
836622,0.15
836637,0.15
837207,0.04
837674,0.23
838046,0.07
838632,0.41
838660,0.16
838700,0.00
838909,0.22
839117,0.02
839238,0.15
839356,0.00
839725,0.35
840306,0.05
840337,0.03
840446,0.02
840548,0.18
840555,0.05
840995,0.05
841009,0.00
841233,0.00
841400,0.01
841500,0.00
841764,0.08
842064,0.03
842069,0.00
842597,0.01
842762,0.12
843485,0.01
843764,0.00
844675,0.01
845131,0.17
845395,0.19
845428,0.01
845877,0.44
845970,0.00
846762,0.12
847284,0.12
847753,0.07
848339,0.06
848949,0.07
849105,0.04
850081,0.56
850315,0.05
851789,0.00
852475,0.28
852504,0.32
852859,0.07
852901,0.00
853071,0.07
853286,0.16
853836,0.14
854131,0.08
854580,0.78
855476,0.41
855937,0.07
856207,0.33
856366,0.75
856725,0.24
856854,0.02
857477,0.00
857538,0.24
857659,0.00
857744,0.07
857837,0.00
858261,0.16
858638,0.12
858782,0.01
858966,0.00
859287,0.00
859411,0.00
859446,0.07
859447,0.01
859689,0.00
859915,0.35
860249,0.28
860330,0.01
860351,0.02
860464,0.21
860587,0.05
861008,0.22
861016,0.03
861600,0.13
861790,0.29
862957,0.26
863006,0.05
863056,0.12
863227,0.05
863477,0.13
863942,0.01
864621,0.00
865067,0.02
865643,0.01
865787,0.00
865811,0.06
866007,0.00
866170,0.00
866487,0.08
866635,0.33
866890,0.16
867062,0.04
868126,0.00
868513,0.56
868587,0.33
868675,0.00
868840,0.08
868874,0.15
869356,0.01
869394,0.16
869401,0.02
870254,0.44
870629,0.00
871010,0.19
871226,0.05
871430,0.25
871646,0.12
871722,0.11
872219,0.02
873057,0.02
873466,0.01
874082,0.02
874138,0.06
874171,0.00
874584,0.02
874788,0.04
875002,0.15
875975,0.23
876200,0.10
876687,0.72
876984,0.04
878342,0.09
878379,0.01
878786,0.08
879940,0.01
880362,0.01
881046,0.00
881957,0.00
882059,0.00
882571,0.11
882734,0.26
883367,0.03
883392,0.03
883502,0.02
883627,0.01
884072,0.16
884223,0.00
885042,0.03
885661,0.00
886210,0.00
886284,0.05
886345,0.00
886401,0.00
886448,0.17
887414,0.10
887824,0.04
888052,0.05
889108,0.42
889229,0.19
889392,0.43
889482,0.37
890735,0.31
890983,0.02
891030,0.04
891850,0.12
892546,0.01
892842,0.30
892883,0.04
893067,0.17
893520,0.41
893711,0.45
893782,0.04
893847,0.36
893858,0.12
894267,0.11
894696,0.01
894844,0.19
894991,0.00
895094,0.00
895231,0.00
895248,0.08
895293,0.02
895670,0.08
895767,0.08
895890,0.32
897677,0.01
897779,0.11
897816,0.07
898520,0.01
898703,0.34
898864,0.35
898921,0.04
899101,0.35
899218,0.02
900457,0.01
900524,0.04
900972,0.28
901650,0.09
901973,0.01
902512,0.03
902529,0.01
903241,0.81
903527,0.17
903724,0.03
903803,0.10
904083,0.14
904170,0.06
904665,0.01
905344,0.06
905689,0.01
906403,0.01
906664,0.02
907085,0.04
907620,0.22
907921,0.00
908338,0.32
908570,0.08
908797,0.26
908809,0.24
909245,0.03
910016,0.00
910244,0.02
910442,0.01
910449,0.00
910754,0.08
910784,0.00
910852,0.00
911163,0.30
911276,0.18
911401,0.12
912682,0.92
912685,0.00
913138,0.01
913193,0.38
913452,0.02
913527,0.00
913687,0.00
914513,0.19
914567,0.13
914931,0.01
914944,0.26
914958,0.08
915368,0.10
915442,0.02
915767,0.00
916058,0.00
916223,0.44
916261,0.00
916297,0.04
916691,0.00
917550,0.01
917642,0.08
917981,0.26
918590,0.00
918837,0.01
919157,0.08
919954,0.09
920028,0.06
920644,0.00
921376,0.02
921394,0.04
922015,0.40
922016,0.00
922030,0.03
922103,0.05
922599,0.03
922634,0.01
923522,0.10
924044,0.00
924400,0.00
924438,0.03
925039,0.01
925120,0.13
925228,0.02
925595,0.07
925720,0.01
926230,0.02
926320,0.08
927450,0.03
927483,0.18
927522,0.16
927815,0.00
927898,0.02
928768,0.03
928989,0.24
929544,0.02
930188,0.24
930266,0.00
930387,0.03
930624,0.03
932080,0.47
932103,0.05
932231,0.03
932572,0.00
932614,0.23
933469,0.03
933554,0.00
933606,0.04
934629,0.62
934761,0.33
934908,0.03
935097,0.01
935354,0.20
935505,0.00
936004,0.99
936264,0.03
936679,0.16
937282,0.06
937552,0.06
938246,0.00
938413,0.01
939032,0.52
939848,0.33
940001,0.01
940097,0.11
941786,0.28
941841,0.95
943251,0.09
943669,0.00
944512,0.25
945587,0.17
945833,0.01
946642,0.03
946792,0.12
947714,0.22
947736,0.04
948152,0.55
948335,0.06
949107,0.00
949186,0.40
949621,0.03
949663,0.00
950051,0.00
950216,0.08
950441,0.67
950497,0.12
951756,0.07
952283,0.11
952586,0.05
952905,0.31
952938,0.04
953562,0.05
953916,0.03
954027,0.09
954069,0.10
954674,0.28
955539,0.06
955577,0.32
956209,0.42
956762,0.01
956834,0.05
956994,0.03
957000,0.07
957235,0.00
957638,0.15
961616,0.00
961649,0.02
961720,0.01
962056,0.04
962101,0.02
963139,0.20
963508,0.05
963702,0.37
963966,0.00
964171,0.07
964804,0.02
965287,0.01
965312,0.00
965609,0.01
965852,0.02
965995,0.10
966394,0.48
966443,0.00
966792,0.02
967558,0.03
967607,0.00
967614,0.01
967647,0.00
967788,0.02
968115,0.31
968140,0.04
968310,0.25
968359,0.00
968451,0.00
968831,0.00
968985,0.00
970152,0.20
970665,0.02
970698,0.01
970913,0.01
971064,0.66
971173,0.01
971174,0.04
972226,0.05
972727,0.16
973885,0.39
974565,0.01
974578,0.44
974770,0.01
974986,0.04
975601,0.00
975676,1.00
976013,0.08
976333,0.01
976597,0.03
977535,0.00
978059,0.11
980383,0.22
980400,0.14
981372,0.09
981403,0.02
981592,0.04
981994,0.02
982474,0.09
983277,0.07
983365,0.01
984264,0.27
984403,0.01
984998,0.08
985393,0.00
985429,0.14
986008,0.07
986468,0.39
986845,0.18
986880,0.07
987459,0.00
987477,0.33
988079,0.02
988225,0.18
989113,0.00
989182,0.03
989967,0.10
990007,0.01
990430,0.19
990458,0.20
990573,0.01
991250,0.00
991344,0.00
991920,0.40
992399,0.00
993210,0.04
993287,0.00
993466,0.09
993505,0.01
993817,0.00
994605,0.24
994628,0.37
995051,0.06
995839,0.15
996283,0.10
996523,0.01
997751,0.10
997847,0.00
998653,0.01
999392,0.01
999636,0.01
999927,0.03
1000494,0.12
1001094,0.21
1001389,0.04
1001617,0.01
1001916,0.00
1001996,0.00
1002054,0.07
1002196,0.00
1002372,0.01
1004427,0.11
1004542,0.03
1004561,0.66
1004619,0.08
1004739,0.53
1004818,0.09
1005237,0.10
1005268,0.02
1006431,0.01
1006780,0.03
1007068,0.01
1007557,0.01
1007624,0.12
1008379,0.00
1008410,0.94
1008572,0.12
1009007,0.02
1009573,0.10
1009822,0.09
1010584,0.02
1010773,0.00
1011229,0.04
1011571,0.04
1011782,0.24
1011796,0.85
1012047,0.00
1012219,0.01
1012315,0.05
1012698,0.13
1012783,0.03
1012846,0.07
1013233,0.02
1013324,0.04
1013442,0.00
1013469,0.00
1014373,0.38
1014490,0.00
1014658,0.01
1015225,0.85
1016126,0.04
1016150,0.01
1016173,0.01
1016605,0.01
1017739,0.01
1017941,0.00
1017974,0.15
1018306,0.10
1018575,0.03
1018706,0.55
1018739,0.20
1019671,0.38
1020748,0.26
1021078,0.09
1021091,0.20
1021227,0.06
1021417,0.16
1021440,0.11
1021957,0.04
1022727,0.00
1023107,0.00
1023301,0.00
1024548,0.20
1024775,0.10
1025036,0.05
1025074,0.05
1025125,0.06
1025834,0.00
1026023,0.12
1026261,0.05
1026402,0.08
1026575,0.06
1026938,0.01
1027198,0.03
1027373,0.40
1027454,0.00
1027571,0.10
1027599,0.00
1028288,0.00
1028463,0.02
1028876,0.00
1029285,0.04
1029361,0.35
1029517,0.10
1029585,0.02
1030275,0.05
1030373,0.00
1030574,0.00
1030612,0.00
1030793,0.01
1030844,0.00
1030915,0.00
1031165,0.01
1031625,0.15
1031689,0.27
1031731,0.04
1031735,0.04
1032596,0.06
1033334,0.05
1033396,0.03
1034727,0.08
1035228,0.02
1035259,0.11
1035917,0.01
1036225,0.14
1036436,0.04
1036529,0.20
1036630,0.00
1038829,0.03
1039068,0.12
1039735,0.01
1041009,0.22
1041230,0.34
1041620,0.08
1041986,0.02
1042335,0.07
1042398,0.06
1042825,0.01
1042940,0.53
1043350,0.00
1043467,0.33
1043606,0.00
1043708,0.19
1043818,0.41
1044050,0.56
1044772,0.07
1045805,0.07
1046585,0.04
1048109,0.21
1048225,0.00
1049036,0.12
1049044,0.02
1049088,0.02
1049398,0.16
1049567,0.01
1049929,0.13
1050271,0.29
1050480,0.15
1050538,0.15
1050997,0.08
1051076,0.00
1051112,0.07
1051534,0.04
1051586,0.66
1051989,0.10
1052761,0.00
1052952,0.13
1052994,0.23
1053463,0.25
1053592,0.07
1054195,0.05
1054428,0.00
1054803,0.02
1055126,0.03
1056033,0.01
1056658,0.01
1056732,0.50
1057310,0.06
1057590,0.23
1057703,0.02
1058083,0.34
1059164,0.52
1059781,0.10
1059841,0.37
1060208,0.03
1061738,0.42
1061785,0.37
1062286,0.16
1062817,0.01
1062947,0.13
1062957,0.04
1063605,0.01
1063918,0.00
1064190,0.10
1064347,0.01
1064642,0.33
1065611,0.02
1065767,0.02
1066224,0.02
1066391,0.00
1066588,0.03
1066696,0.08
1066904,0.04
1067320,0.16
1067439,0.13
1067481,0.04
1067559,0.02
1067593,0.16
1067897,0.00
1067952,0.25
1068288,0.03
1068297,0.11
1068860,0.04
1070208,0.00
1070523,0.00
1070624,0.33
1070780,0.76
1070806,0.03
1071389,0.02
1071577,0.22
1071820,0.51
1071882,0.16
1071989,0.15
1072001,0.51
1072099,0.01
1072122,0.01
1072389,0.05
1073502,0.05
1073576,0.36
1073879,0.11
1073952,0.22
1074131,0.26
1074449,0.06
1074794,0.60
1074924,0.08
1075715,0.03
1076298,0.01
1076925,0.07
1077192,0.32
1077309,0.16
1077368,0.07
1077399,0.00
1077504,0.04
1077586,0.10
1077823,0.02
1077841,0.34
1078404,0.11
1079009,0.01
1079174,0.12
1079717,0.06
1079863,0.15
1079873,0.03
1079902,0.16
1080344,0.00
1080402,0.04
1080873,0.01
1081742,0.03
1083519,0.00
1083732,0.10
1084081,0.03
1084261,0.16
1084846,0.02
1084986,0.09
1085392,0.11
1086301,0.12
1087141,0.04
1087252,0.06
1087672,0.36
1088697,0.26
1088781,0.35
1088850,0.03
1089010,0.02
1089029,0.10
1089194,0.00
1089397,0.16
1089829,0.09
1090173,0.03
1090322,0.04
1090525,0.06
1091395,0.01
1091436,0.78
1092414,0.11
1092661,0.13
1093162,0.00
1093447,0.27
1093721,0.13
1094888,0.00
1095099,0.00
1095506,0.03
1095899,0.03
1096169,0.17
1096222,0.02
1096258,0.11
1097128,0.28
1097863,0.02
1097905,0.41
1097952,0.09
1097964,0.05
1099041,0.12
1099511,0.10
1099568,0.26
1099696,0.02
1099864,0.09
1099977,0.48
1100496,0.37
1100678,0.06
1100852,0.00
1100969,0.01
1101054,0.08
1101127,0.03
1101712,0.09
1101726,0.00
1101791,0.31
1102265,0.14
1102620,0.28
1102657,0.00
1102809,0.00
1103708,0.06
1103935,0.26
1104704,0.15
1104975,0.29
1105308,0.01
1105858,0.53
1105953,0.40
1106034,0.07
1106214,0.02
1106828,0.63
1107169,0.23
1107534,0.00
1107578,0.15
1108126,0.08
1108152,0.05
1108663,0.09
1109529,0.23
1110134,0.00
1110247,0.02
1110314,0.19
1110420,0.06
1110437,0.24
1110652,0.12
1111252,0.01
1111356,0.24
1111668,0.33
1111677,0.31
1112264,0.00
1112851,0.01
1113433,0.17
1114163,0.12
1114168,0.03
1114379,0.55
1114447,0.29
1114625,0.66
1115591,0.56
1115816,0.00
1116472,0.34
1117710,0.03
1118481,0.45
1118516,0.19
1118552,0.01
1118561,0.00
1119245,0.07
1119681,0.07
1120204,0.13
1120473,0.10
1120699,0.32
1120777,0.07
1120872,0.18
1121474,0.11
1122179,0.16
1122732,0.00
1122951,0.02
1122997,0.42
1124737,0.17
1125176,0.18
1125330,0.14
1125412,0.27
1125759,0.01
1125799,0.19
1126958,0.00
1127652,0.02
1127658,0.00
1128373,0.05
1129569,0.35
1129682,0.13
1129878,0.07
1130353,0.07
1130699,0.01
1130870,0.25
1131420,0.13
1131507,0.40
1131560,0.48
1131866,0.17
1132493,0.10
1132855,0.00
1134446,0.00
1134831,0.02
1135331,0.01
1135356,0.24
1135994,0.01
1136373,0.05
1136793,0.14
1137029,0.00
1137254,0.03
1137266,0.08
1137922,0.01
1138106,0.02
1138163,0.20
1138190,0.12
1138321,0.05
1138388,0.03
1138438,0.05
1138820,0.09
1138899,0.12
1139032,0.05
1139286,0.00
1139292,0.01
1139310,0.00
1139722,0.22
1141079,0.11
1142211,0.09
1142278,0.00
1142793,0.07
1142864,0.01
1143301,0.00
1144987,0.01
1145001,0.25
1145173,0.26
1145287,0.45
1145529,0.14
1145755,0.05
1146127,0.00
1146300,0.07
1146537,0.05
1146738,0.00
1146769,0.07
1146810,0.01
1147071,0.01
1147476,0.02
1147560,0.06
1147941,0.05
1147977,0.08
1149030,0.07
1149430,0.01
1149434,0.57
1149633,0.33
1150117,0.12
1150231,0.06
1151219,0.26
1151941,0.11
1152165,0.51
1152475,0.04
1152613,0.15
1153035,0.16
1153050,0.00
1153233,0.10
1153333,0.26
1153676,0.02
1153813,0.15
1153910,0.05
1154062,0.11
1154133,0.00
1154609,0.02
1154686,0.22
1154703,0.15
1155097,0.06
1155102,0.06
1155404,0.19
1156441,0.02
1157207,0.24
1157507,0.01
1157650,0.13
1157904,0.26
1157936,0.14
1158006,0.56
1158326,0.06
1158665,0.00
1158972,0.08
1159107,0.03
1159553,0.59
1159602,0.00
1159815,0.18
1160847,0.02
1161141,0.00
1161474,0.01
1161625,0.14
1161771,0.02
1161783,0.02
1161835,0.22
1161975,0.12
1162405,0.19
1163674,0.00
1163704,0.17
1164015,0.13
1164096,0.11
1164993,0.03
1165541,0.17
1165818,0.00
1165877,0.02
1166079,0.12
1166277,0.01
1166496,0.00
1166541,0.42
1166775,0.03
1166810,0.08
1166869,0.01
1166995,0.00
1167465,0.24
1167543,0.05
1167918,0.01
1168073,0.02
1168085,0.29
1168087,0.32
1168589,0.01
1168903,0.13
1169226,0.01
1170098,0.08
1170606,0.11
1170809,0.14
1171059,0.74
1171118,0.00
1171120,0.12
1171284,0.01
1171752,0.08
1171791,0.21
1171982,0.35
1172755,0.10
1173040,0.12
1173363,0.15
1173521,0.01
1173811,0.05
1173871,0.02
1174539,0.04
1175495,0.03
1175562,0.02
1175842,0.61
1175859,0.05
1175945,0.20
1176008,0.00
1176201,0.10
1176694,0.23
1176850,0.01
1177273,0.04
1177721,0.17
1177857,0.31
1177918,0.36
1178289,0.10
1178713,0.30
1178981,0.25
1179235,0.23
1179814,0.55
1179968,0.00
1180376,0.14
1180802,0.22
1181034,0.09
1181230,0.12
1181586,0.00
1181839,0.10
1182156,0.08
1182394,0.11
1182517,0.34
1182995,0.06
1183078,0.09
1183646,0.20
1183940,0.04
1183974,0.02
1183993,0.28
1184137,0.04
1184169,0.35
1184182,0.42
1184202,0.25
1184370,0.03
1184555,0.50
1185613,0.32
1185641,0.02
1185755,0.15
1185774,0.12
1185903,0.06
1186243,0.04
1186769,0.01
1186785,0.18
1187026,0.26
1187576,0.01
1188105,0.05
1188474,0.05
1189116,0.08
1189147,0.13
1189389,0.04
1189658,0.29
1189840,0.00
1190207,0.01
1190519,0.28
1190717,0.06
1191321,0.37
1191617,0.16
1192808,0.00
1193083,0.27
1193552,0.00
1193610,0.16
1193835,0.06
1194030,0.36
1194738,0.30
1194799,0.07
1195078,0.26
1195307,0.33
1195700,0.08
1195887,0.03
1196125,0.00
1196170,0.19
1196221,0.03
1196232,0.01
1196496,0.06
1197551,0.07
1198128,0.25
1198280,0.02
1198571,0.33
1198766,0.17
1198949,0.01
1199371,0.26
1199413,0.03
1199555,0.10
1199710,0.00
1199885,0.19
1200168,0.01
1200498,0.42
1200510,0.15
1200629,0.20
1201063,0.00
1201142,0.05
1201634,0.02
1201650,0.35
1202368,0.32
1202672,0.11
1202741,0.11
1203091,0.01
1203559,0.28
1203729,0.07
1204091,0.06
1204554,0.01
1204568,0.22
1204787,0.43
1204979,0.03
1205032,0.15
1205044,0.19
1205995,0.02
1206043,0.43
1206160,0.29
1206221,0.07
1207061,0.06
1207244,0.47
1207309,0.63
1207366,0.14
1207822,0.03
1207919,0.07
1208338,0.57
1208552,0.00
1208665,0.00
1208971,0.27
1208977,0.02
1209451,0.51
1210251,0.22
1210712,0.09
1211110,0.19
1211338,0.09
1211381,0.17
1211571,0.01
1211582,0.00
1211780,0.05
1211988,0.11
1212384,0.00
1212395,0.20
1212436,0.00
1212864,0.00
1213123,0.42
1213380,0.14
1214068,0.16
1214115,0.38
1215415,0.12
1215517,0.11
1215582,0.43
1215740,0.00
1216523,0.15
1216560,0.10
1217251,0.13
1217327,0.20
1217467,0.40
1217524,0.18
1218429,0.36
1218541,0.23
1218579,0.02
1219742,0.70
1220636,0.01
1221233,0.00
1221372,0.03
1222018,0.04
1222044,0.28
1222686,0.18
1224193,0.03
1224274,0.05
1224432,0.32
1224450,0.06
1224705,0.16
1224838,0.08
1225334,0.01
1225749,0.15
1226119,0.27
1226424,0.63
1226955,0.32
1227302,0.04
1227517,0.02
1229554,0.04
1230329,0.22
1230524,0.14
1231205,0.45
1231293,0.02
1231408,0.23
1231757,0.17
1232144,0.00
1232156,0.06
1232379,0.09
1232932,0.04
1233287,0.26
1233369,0.22
1233570,0.01
1233648,0.00
1233995,0.12
1234566,0.72
1235336,0.02
1235467,0.13
1236722,0.28
1237420,0.26
1237484,0.24
1237682,0.10
1237792,0.01
1238800,0.01
1239030,0.29
1239982,0.03
1239993,0.11
1240101,0.33
1240427,0.04
1240561,0.06
1240910,0.01
1242250,0.06
1242878,0.06
1244007,0.16
1244203,0.71
1244233,0.04
1244373,0.06
1244376,0.09
1244581,0.02
1244653,0.09
1244668,0.02
1245184,0.26
1245488,0.19
1245891,0.02
1246190,0.08
1246538,0.12
1247344,0.19
1247498,0.22
1247857,0.08
1247927,0.32
1248251,0.23
1248416,0.00
1249052,0.01
1249217,0.11
1249812,0.05
1250441,0.10
1250762,0.12
1251031,0.03
1251491,0.18
1251519,0.00
1251665,0.13
1251681,0.01
1252301,0.00
1253817,0.06
1254103,0.01
1254297,0.21
1254575,0.18
1254816,0.01
1255385,0.21
1255429,0.06
1255492,0.03
1255908,0.01
1256014,0.11
1256109,0.01
1256122,0.50
1256227,0.00
1256351,0.22
1257183,0.00
1257826,0.04
1258618,0.00
1259157,0.07
1259381,0.04
1259525,0.02
1259984,0.13
1260068,0.06
1260572,0.01
1260987,0.00
1261001,0.19
1261018,0.00
1261369,0.38
1261415,0.01
1261522,0.30
1261600,0.16
1262009,0.02
1262240,0.02
1262338,0.00
1262443,0.22
1262700,0.13
1263329,0.04
1263475,0.27
1264521,0.26
1265035,0.35
1265335,0.01
1265429,0.05
1265852,0.19
1266384,0.04
1266505,0.05
1266519,0.20
1266530,0.08
1266563,0.02
1266625,0.00
1266663,0.42
1266971,0.18
1267000,0.52
1267410,0.00
1267593,0.01
1267771,0.21
1268172,0.06
1268195,0.04
1268299,0.04
1270041,0.08
1270623,0.11
1270625,0.10
1270770,0.03
1270871,0.30
1271244,0.00
1271403,0.09
1271794,0.01
1271827,0.22
1271907,0.31
1272018,0.22
1272753,0.00
1273134,0.01
1273138,0.28
1273633,0.08
1274255,0.02
1274263,0.04
1274438,0.15
1274886,0.28
1274969,0.25
1274983,0.02
1274990,0.01
1275034,0.13
1275685,0.08
1276108,0.35
1276192,0.11
1276311,0.03
1276790,0.10
1276910,0.17
1277138,0.00
1277491,0.07
1277881,0.79
1278043,0.06
1278360,0.02
1278716,0.05
1278856,0.01
1279177,0.04
1279205,0.16
1279473,0.14
1280005,0.00
1280743,0.05
1281295,0.39
1282709,0.00
1282722,0.13
1282869,0.07
1283337,0.01
1283489,0.00
1283651,0.09
1283677,0.19
1283803,0.17
1284158,0.00
1284221,0.13
1284538,0.14
1284844,0.07
1285146,0.17
1285332,0.08
1285337,0.18
1286081,0.00
1286099,0.06
1286365,0.06
1286660,0.08
1286670,0.17
1286821,0.00
1287266,0.13
1287306,0.00
1287432,0.12
1287698,0.08
1288109,0.04
1288167,0.11
1288376,0.13
1288571,0.00
1288768,0.84
1289010,0.02
1289255,0.25
1290172,0.07
1290388,0.16
1290431,0.02
1290482,0.02
1290510,0.00
1291335,0.00
1291629,0.14
1292295,0.05
1292318,0.00
1293293,0.06
1293776,0.00
1294002,0.05
1294306,0.05
1294312,0.30
1294738,0.01
1295066,0.00
1295251,0.05
1295907,0.07
1296769,0.13
1297070,0.06
1297080,0.03
1297089,0.04
1297495,0.68
1297847,0.03
1298365,0.00
1298531,0.45
1298799,0.00
1298918,0.01
1300398,0.26
1300697,0.00
1301217,0.10
1301358,0.03
1301722,0.07
1301816,0.12
1302430,0.00
1302533,0.10
1302674,0.02
1302735,0.11
1303029,0.24
1303170,0.03
1303315,0.00
1303378,0.02
1303686,0.01
1304692,0.32
1304818,0.03
1304896,0.08
1304981,0.26
1305203,0.01
1305314,0.01
1305483,0.03
1305572,0.16
1305589,0.04
1305599,0.02
1305901,0.30
1306116,0.20
1306264,0.00
1306565,0.01
1306590,0.04
1307024,0.01
1307094,0.22
1307362,0.19
1307620,0.01
1307900,0.14
1307908,0.04
1308197,0.11
1308299,0.20
1308433,0.05
1308650,0.11
1308886,0.13
1309172,0.02
1309535,0.06
1309864,0.45
1310245,0.05
1310535,0.23
1310901,0.39
1311201,0.16
1311681,0.06
1311965,0.04
1311987,0.04
1311996,0.01
1313475,0.26
1313485,0.01
1313619,0.12
1314337,0.15
1315252,0.03
1315257,0.14
1315318,0.10
1315501,0.00
1315568,0.01
1315877,0.51
1316449,0.00
1317064,0.12
1317096,0.04
1317552,0.12
1318345,0.20
1319241,0.11
1319492,0.00
1319662,0.11
1320081,0.01
1320406,0.02
1320579,0.13
1320649,0.12
1320683,0.07
1320862,0.44
1320975,0.12
1321340,0.13
1321639,0.21
1321961,0.20
1322033,0.07
1322289,0.00
1322660,0.52
1322995,0.15
1323222,0.03
1323283,0.10
1323459,0.58
1323611,0.22
1324560,0.02
1324989,0.04
1325187,0.01
1325217,0.86
1325335,0.05
1325908,0.01
1326013,0.32
1326340,0.03
1326394,0.11
1326702,0.39
1326833,0.18
1327003,0.06
1327110,0.03
1327850,0.26
1328138,0.02
1328369,0.00
1328910,0.39
1329243,0.37
1329502,0.05
1329518,0.00
1329788,0.32
1329901,0.02
1329986,0.02
1330047,0.02
1366311,0.07
1366370,0.03
